{
  "timestamp": "2026-01-17T02:02:13.307282",
  "text": "im feeling cool",
  "emotions": {
    "HAPPY": 0.04578823263357609,
    "SAD": 0.05368173582916866,
    "ANGRY": 0.05036879318230812,
    "FEAR": 0.037024598301492295,
    "SURPRISE": 0.04952744871394223,
    "DISGUST": 0.051662074441277045,
    "TRUST": 0.044049156919781354,
    "ANTICIPATION": 0.02828590300998356,
    "JOY": 0.04278323813607889,
    "LOVE": 0.04548330810307152,
    "REMORSE": 0.04210142754913912,
    "OPTIMISM": 0.044264149116888266,
    "AGGRESSIVE": 0.04059454810798682,
    "CONTENT": 0.03558672479793186,
    "BORED": 0.03360847866842038,
    "SHAME": 0.040068828879624756,
    "PRIDE": 0.04308169641141668,
    "ENVY": 0.0454675813180029,
    "GUILT": 0.04106663739207366,
    "AWE": 0.03672180677192909
  },
  "vad": [
    0.04256081841420466,
    0.006159013638092819,
    0.05368173582916866
  ],
  "confidence": 0.05368173582916866,
  "reason": "Top emotion: SAD",
  "stability": 1.0
}