{
  "timestamp": "2026-01-17T02:37:19.676713",
  "text": "its such a bad place eww",
  "emotions": {
    "HAPPY": 0.03979001718414241,
    "SAD": 0.04119158876880379,
    "ANGRY": 0.038073762347005075,
    "FEAR": 0.03823508961518839,
    "SURPRISE": 0.03831491660308794,
    "DISGUST": 0.04183758971507324,
    "TRUST": 0.0411337100577949,
    "ANTICIPATION": 0.03961744632003318,
    "JOY": 0.0387271669245264,
    "LOVE": 0.03899597198887254,
    "REMORSE": 0.04143161443472092,
    "OPTIMISM": 0.041119370301759245,
    "AGGRESSIVE": 0.03867843620206001,
    "CONTENT": 0.039755971589211646,
    "BORED": 0.037297559626047874,
    "SHAME": 0.038288233549738364,
    "PRIDE": 0.037649098179037235,
    "ENVY": 0.03938651088913148,
    "GUILT": 0.038673839781642586,
    "AWE": 0.040276893181406904
  },
  "vad": [
    0.039423739362964214,
    0.0013229552579569768,
    0.04183758971507324
  ],
  "confidence": 0.04183758971507324,
  "reason": "Top emotion: DISGUST",
  "stability": 1.0
}