{
  "timestamp": "2026-01-17T03:11:29.326260",
  "text": "im feeling quite cute",
  "emotions": {
    "sadness": 0.0002214837440988049,
    "joy": 0.9987245202064514,
    "love": 0.00027886111638508737,
    "anger": 0.00013245469017419964,
    "fear": 0.00016358713037334383,
    "surprise": 0.0004790591192431748
  },
  "vad": [
    0.8,
    0.6,
    0.7
  ],
  "confidence": 0.9987245202064514,
  "reason": "DistilBERT: Top emotion joy with confidence 1.00",
  "stability": 0.391343191480347
}