{
  "timestamp": "2026-01-17T02:56:08.240893",
  "text": "feeling angry",
  "emotions": {
    "HAPPY": 0.012653451667627082,
    "SAD": 0.01452771460861322,
    "ANGRY": 0.9999996333487015,
    "FEAR": 0.01419541432244221,
    "SURPRISE": 0.016098189242961147,
    "DISGUST": 0.013905252122293245,
    "TRUST": 0.01551420583080072,
    "ANTICIPATION": 0.013507128799940022,
    "JOY": 0.01904424397547859,
    "LOVE": 0.013314146335442182,
    "REMORSE": 0.01578335890209634,
    "OPTIMISM": 0.016465806934981512,
    "AGGRESSIVE": 0.01339548186782695,
    "CONTENT": 0.01580335539763783,
    "BORED": 0.01442629559928081,
    "SHAME": 0.014393263529506307,
    "PRIDE": 0.013899308238308868,
    "ENVY": 0.016384378253164668,
    "GUILT": 0.014390294311844154,
    "AWE": 0.010917912323324262
  },
  "vad": [
    0.06393094178061356,
    0.21475530858108968,
    0.9999996333487015
  ],
  "confidence": 0.9999996333487015,
  "reason": "Top emotion: ANGRY",
  "stability": -0.05262437083991656
}