{
  "timestamp": "2026-01-17T02:09:26.970992",
  "text": "im nervous",
  "emotions": {
    "HAPPY": 0.04417598016372666,
    "SAD": 0.04463065655008471,
    "ANGRY": 0.04585289173106001,
    "FEAR": 0.045077870525626645,
    "SURPRISE": 0.04457588850023557,
    "DISGUST": 0.04474013874452845,
    "TRUST": 0.044864995692724396,
    "ANTICIPATION": 0.045071016779452494,
    "JOY": 0.044640229292590934,
    "LOVE": 0.04467404616776436,
    "REMORSE": 0.045062467605985604,
    "OPTIMISM": 0.04425341600211302,
    "AGGRESSIVE": 0.04490679122971446,
    "CONTENT": 0.04408840973025456,
    "BORED": 0.04494887790605144,
    "SHAME": 0.044935454426352474,
    "PRIDE": 0.04531024623366396,
    "ENVY": 0.04507753557982417,
    "GUILT": 0.04450684090990188,
    "AWE": 0.045126645148675266
  },
  "vad": [
    0.04482601994601655,
    0.0004011946282653706,
    0.04585289173106001
  ],
  "confidence": 0.04585289173106001,
  "reason": "Top emotion: ANGRY",
  "stability": 1.0
}