{
  "timestamp": "2026-01-17T02:37:37.391864",
  "text": "i think she is the one i need",
  "emotions": {
    "HAPPY": 0.035842796681012506,
    "SAD": 0.03678798179292357,
    "ANGRY": 0.03742668238718856,
    "FEAR": 0.03519939945591841,
    "SURPRISE": 0.03628635706543493,
    "DISGUST": 0.036899895748923765,
    "TRUST": 0.03478347001827073,
    "ANTICIPATION": 0.03633268765284044,
    "JOY": 0.03663995517762772,
    "LOVE": 0.03507405683238829,
    "REMORSE": 0.03605022112960151,
    "OPTIMISM": 0.035930975579392566,
    "AGGRESSIVE": 0.036643869047507376,
    "CONTENT": 0.03727020219578979,
    "BORED": 0.034562097436745,
    "SHAME": 0.036463511209072146,
    "PRIDE": 0.035769717844276884,
    "ENVY": 0.03575464530758602,
    "GUILT": 0.03678784121294962,
    "AWE": 0.03688655285713516
  },
  "vad": [
    0.036169645831629245,
    0.0007852815652202312,
    0.03742668238718856
  ],
  "confidence": 0.03742668238718856,
  "reason": "Top emotion: ANGRY",
  "stability": 1.0
}