{
  "timestamp": "2026-01-17T02:40:19.496453",
  "text": "sad",
  "emotions": {
    "HAPPY": 0.015079971529591214,
    "SAD": 0.9999989979510269,
    "ANGRY": 0.01810178890359379,
    "FEAR": 0.01646335622742142,
    "SURPRISE": 0.01684054329639297,
    "DISGUST": 0.018360397645076146,
    "TRUST": 0.016981431005263933,
    "ANTICIPATION": 0.015984783444066664,
    "JOY": 0.014640507853340675,
    "LOVE": 0.01867938229114122,
    "REMORSE": 0.018469790640009455,
    "OPTIMISM": 0.01706368093251151,
    "AGGRESSIVE": 0.016455327576579668,
    "CONTENT": 0.015158983999301422,
    "BORED": 0.019469073788232573,
    "SHAME": 0.01693251929924101,
    "PRIDE": 0.017821742693989673,
    "ENVY": 0.018511229142240102,
    "GUILT": 0.014420791951367043,
    "AWE": 0.02067630393966487
  },
  "vad": [
    0.06630553020550263,
    0.21420993029063168,
    0.9999989979510269
  ],
  "confidence": 0.9999989979510269,
  "reason": "Top emotion: SAD",
  "stability": 1.0
}