{
  "timestamp": "2026-01-17T02:38:13.021613",
  "text": "no one on this planet can do the work i can do",
  "emotions": {
    "HAPPY": 0.038732933047874014,
    "SAD": 0.037609264962082375,
    "ANGRY": 0.03752779605653211,
    "FEAR": 0.03559082364327095,
    "SURPRISE": 0.037462959592808556,
    "DISGUST": 0.03850397718502772,
    "TRUST": 0.0368551589254239,
    "ANTICIPATION": 0.0377548369020306,
    "JOY": 0.03630534249388088,
    "LOVE": 0.037388062438438945,
    "REMORSE": 0.03735193733448077,
    "OPTIMISM": 0.036694766700777495,
    "AGGRESSIVE": 0.03819695202626504,
    "CONTENT": 0.03655260715864177,
    "BORED": 0.03656272998910052,
    "SHAME": 0.03792354748412295,
    "PRIDE": 0.03695842571349213,
    "ENVY": 0.03716063364268919,
    "GUILT": 0.038218091208356245,
    "AWE": 0.03878501568111599
  },
  "vad": [
    0.037406793109320616,
    0.0008252502178273696,
    0.03878501568111599
  ],
  "confidence": 0.03878501568111599,
  "reason": "Top emotion: AWE",
  "stability": 1.0
}