{
  "timestamp": "2026-01-17T02:31:54.210071",
  "text": "im feeling nervous",
  "emotions": {
    "HAPPY": 0.04346656289517613,
    "SAD": 0.04496963370667226,
    "ANGRY": 0.04487507693470122,
    "FEAR": 0.0436197607786916,
    "SURPRISE": 0.04426977009835415,
    "DISGUST": 0.044045525408039236,
    "TRUST": 0.04396668829347462,
    "ANTICIPATION": 0.044379467434733394,
    "JOY": 0.044168952279184284,
    "LOVE": 0.044217498381087614,
    "REMORSE": 0.044221241620496586,
    "OPTIMISM": 0.044622903556692885,
    "AGGRESSIVE": 0.04474520460399356,
    "CONTENT": 0.043865224621543575,
    "BORED": 0.04310724098443213,
    "SHAME": 0.043774446280881195,
    "PRIDE": 0.04409112134664283,
    "ENVY": 0.043735845835063056,
    "GUILT": 0.04422963639954964,
    "AWE": 0.04422049614934419
  },
  "vad": [
    0.04412961488043771,
    0.00045456935741435185,
    0.04496963370667226
  ],
  "confidence": 0.04496963370667226,
  "reason": "Top emotion: SAD",
  "stability": 1.0
}