{
  "timestamp": "2026-01-17T02:26:31.439399",
  "text": "feeling kind of a low",
  "emotions": {
    "HAPPY": 0.034563304167205704,
    "SAD": 0.03485657926411544,
    "ANGRY": 0.03679480273497775,
    "FEAR": 0.033915548490151735,
    "SURPRISE": 0.036961113908283674,
    "DISGUST": 0.035111105589698904,
    "TRUST": 0.034533751375893575,
    "ANTICIPATION": 0.035475769575519546,
    "JOY": 0.037946156236640646,
    "LOVE": 0.03825418589612959,
    "REMORSE": 0.03472990828548217,
    "OPTIMISM": 0.036530039699117285,
    "AGGRESSIVE": 0.037576282857980196,
    "CONTENT": 0.03476278697598275,
    "BORED": 0.034739730742428296,
    "SHAME": 0.03548630534323663,
    "PRIDE": 0.03658497492163844,
    "ENVY": 0.03832866869078672,
    "GUILT": 0.03675625576863141,
    "AWE": 0.03464462094470381
  },
  "vad": [
    0.03592759457343021,
    0.0013635656688078261,
    0.03832866869078672
  ],
  "confidence": 0.03832866869078672,
  "reason": "Top emotion: ENVY",
  "stability": 1.0
}