{
  "timestamp": "2026-01-17T02:31:44.731306",
  "text": "feeeling happy",
  "emotions": {
    "HAPPY": 0.9999989514707496,
    "SAD": 0.021206021539780365,
    "ANGRY": 0.01701127922190807,
    "FEAR": 0.015500453620069316,
    "SURPRISE": 0.016479242959375282,
    "DISGUST": 0.015813172628066013,
    "TRUST": 0.014998262549435249,
    "ANTICIPATION": 0.017175157652591255,
    "JOY": 0.018690439832604454,
    "LOVE": 0.014781037808748726,
    "REMORSE": 0.015958878620936028,
    "OPTIMISM": 0.014470869753257554,
    "AGGRESSIVE": 0.019246952556322593,
    "CONTENT": 0.01680609204773402,
    "BORED": 0.013659513220237934,
    "SHAME": 0.01675561048819672,
    "PRIDE": 0.01821081278577057,
    "ENVY": 0.017642695842753908,
    "GUILT": 0.0177817301735265,
    "AWE": 0.020255065756855904
  },
  "vad": [
    0.06612211202644602,
    0.2142542426681688,
    0.9999989514707496
  ],
  "confidence": 0.9999989514707496,
  "reason": "Top emotion: HAPPY",
  "stability": 1.0
}